Name,Link
Brasserie de Canette,https://cas.haarlemtoday.nl/firm/brasserie-de-canette/
Cafe De Lange Heer,https://cas.haarlemtoday.nl/firm/cafe-de-lange-heer/
Blend Haarlem,https://cas.haarlemtoday.nl/firm/blend-haarlem/
The Governor,https://cas.haarlemtoday.nl/firm/the-governor/
Restaurant Éclusier,https://cas.haarlemtoday.nl/firm/restaurant-eclusier/
Southern Cross,https://cas.haarlemtoday.nl/firm/southern-cross/
Brasserie van Beinum,https://cas.haarlemtoday.nl/firm/van-beinem/
Restaurant Rood,https://cas.haarlemtoday.nl/firm/restaurant-rood/
Guus Koffie,https://cas.haarlemtoday.nl/firm/guus-koffie/
Toko SamaSama,https://cas.haarlemtoday.nl/firm/toko-samasama/
FLFL,https://cas.haarlemtoday.nl/firm/flfl/
By LIMA,https://cas.haarlemtoday.nl/firm/by-lima/
De slagersdochter,https://cas.haarlemtoday.nl/firm/de-slagersdochter/
Friethoes (De Winkel),https://cas.haarlemtoday.nl/firm/friethoes-de-winkel/
Rigatoni,https://cas.haarlemtoday.nl/firm/rigatoni-restaurant/
Adamo,https://cas.haarlemtoday.nl/firm/adamo/
Mano,https://cas.haarlemtoday.nl/firm/mano/
Club Cantina,https://cas.haarlemtoday.nl/firm/club-cantina/
Kraantje Lek,https://cas.haarlemtoday.nl/firm/kraantje-lek/
Nolita,https://cas.haarlemtoday.nl/firm/nolita/
Restaurant Locael Centraal,https://cas.haarlemtoday.nl/firm/restaurant-locael-centraal/
Restaurant Locael Bloemendaal,https://cas.haarlemtoday.nl/firm/locael-restaurant-bloemendaal/
Teds Haarlem,https://cas.haarlemtoday.nl/firm/teds-haarlem/
Menu Corridor,https://cas.haarlemtoday.nl/firm/menu-corridor/
Café Colette,https://cas.haarlemtoday.nl/firm/cafe-colette/
Restaurant Metzo,https://cas.haarlemtoday.nl/firm/restaurant-metzo/
Museumcafé Thuys,https://cas.haarlemtoday.nl/firm/museumcafe-thuys/
Kus van de Cactus,https://cas.haarlemtoday.nl/firm/kus-van-de-cactus/
The Harlem Social Club,https://cas.haarlemtoday.nl/firm/the-harlem-social-club/
Frenchie Restaurant,https://cas.haarlemtoday.nl/firm/frenchie-restaurant/
Restaurant Fris,https://cas.haarlemtoday.nl/firm/restaurant-fris/
Friethuis La Petite,https://cas.haarlemtoday.nl/firm/friethuis-la-petite/
Bambu Kitchen & Bar,https://cas.haarlemtoday.nl/firm/bambu-kitchen-bar/
Republiek Bloemendaal,https://cas.haarlemtoday.nl/firm/republiek-bloemendaal/
Five Brothers Fat,https://cas.haarlemtoday.nl/firm/five-brothers-fat/
Bistrobar Indonesia,https://cas.haarlemtoday.nl/firm/bistrobar-indonesia/
Maita,https://cas.haarlemtoday.nl/firm/maita/
Olivers Haarlem,https://cas.haarlemtoday.nl/firm/olivers-haarlem/
Houtbaar,https://cas.haarlemtoday.nl/firm/hout-bar/
kaldi,https://cas.haarlemtoday.nl/firm/kaldi/
Pip Deli,https://cas.haarlemtoday.nl/firm/pip-deli/
Red Orchids,https://cas.haarlemtoday.nl/firm/red-orchids/
Meneer Fans,https://cas.haarlemtoday.nl/firm/meneer-fans/
Mooie Boules,https://cas.haarlemtoday.nl/firm/mooie-boules/
The Louisiana Lobstershack,https://cas.haarlemtoday.nl/firm/lobster-shack/
Monsier Rouge,https://cas.haarlemtoday.nl/firm/monsier-rouge/
De VolksLust,https://cas.haarlemtoday.nl/firm/de-volkslust/
Bar Taru,https://cas.haarlemtoday.nl/firm/bar-taru/
Ratatouille Food & Wine,https://cas.haarlemtoday.nl/firm/ratatouille-food-wine/
Toast,https://cas.haarlemtoday.nl/firm/toast/
Your Company on Haarlem Today,https://www.iloveimg.com/compress-image
